mean_actionability,std_actionability,median_actionability,pct_tier1_directly_actionable,pct_tier2_semi_actionable,pct_tier3_non_actionable,top_tier1_features,top_tier2_features,method,dataset,top_k,n_instances,nist_reference,model,n_aligned,sample_adequacy,n_per_method
0.2423,0.0608,0.26,16.1,13.6,70.3,"['network_ports_all_count', 'network_tcp_flags_rst_count', 'network_tcp_flags_syn_count', 'network_tcp_flags_psh_count', 'network_tcp_flags_ack_count']","['network_packets_dst_count', 'network_packets_all_count', 'network_packets_src_count', 'log_data_types_count', 'log_interval_messages']",Anchors,CIC_IIoT_2025,10,200,NIST SP 800-94,DT,200,limited,"{'SHAP': 1000, 'Anchors': 200, 'LIME': 1000}"
0.3958,0.0822,0.38,19.4,33.5,47.0,"['network_ports_all_count', 'network_tcp_flags_ack_count', 'network_tcp_flags_rst_count', 'network_ports_dst_count', 'network_fragmented_packets']","['network_header_length_min', 'network_packets_dst_count', 'network_header_length_max', 'network_header_length_avg', 'network_fragmentation_score']",LIME,CIC_IIoT_2025,10,200,NIST SP 800-94,DT,200,limited,"{'SHAP': 1000, 'Anchors': 200, 'LIME': 1000}"
0.2198,0.0567,0.22,11.3,17.8,70.9,"['network_ports_all_count', 'network_ports_src_count', 'network_tcp_flags_rst_count', 'network_tcp_flags_ack_count', 'network_ports_dst_count']","['network_packets_dst_count', 'network_packets_all_count', 'network_packets_src_count', 'log_data_ranges_avg', 'log_data_types_count']",SHAP,CIC_IIoT_2025,10,200,NIST SP 800-94,DT,200,limited,"{'SHAP': 1000, 'Anchors': 200, 'LIME': 1000}"
0.17,0.0865,0.16,8.0,15.0,77.0,"['network_ports_all_count', 'network_ports_src_count', 'network_tcp_flags_rst_count', 'network_fragmented_packets', 'network_ports_dst_count']","['network_fragmentation_score', 'network_packets_dst_count', 'log_data_ranges_avg', 'log_data_ranges_max', 'log_data_ranges_min']",Anchors,CIC_IIoT_2025,10,30,NIST SP 800-94,LR,30,minimal,"{'SHAP': 200, 'LIME': 200, 'Anchors': 30}"
0.3633,0.2091,0.32,24.3,20.0,55.7,"['network_ports_dst_count', 'network_tcp_flags_ack_count', 'network_fragmented_packets', 'network_tcp_flags_fin_count', 'network_tcp_flags_syn_count']","['network_packets_src_count', 'network_packets_all_count', 'network_fragmentation_score', 'log_data_types_count', 'network_packets_dst_count']",LIME,CIC_IIoT_2025,10,30,NIST SP 800-94,LR,30,minimal,"{'SHAP': 200, 'LIME': 200, 'Anchors': 30}"
0.5927,0.0722,0.62,44.7,24.3,31.0,"['network_tcp_flags_rst_count', 'network_tcp_flags_fin_count', 'network_ports_all_count', 'network_tcp_flags_ack_count', 'network_tcp_flags_syn_count']","['network_packets_all_count', 'network_packets_dst_count', 'network_packets_src_count', 'log_data_ranges_min', 'log_data_ranges_max']",SHAP,CIC_IIoT_2025,10,30,NIST SP 800-94,LR,30,minimal,"{'SHAP': 200, 'LIME': 200, 'Anchors': 30}"
0.2392,0.1764,0.28,17.6,10.4,71.9,"['network_ports_dst_count', 'network_ports_src_count', 'network_ports_all_count', 'network_tcp_flags_ack_count', 'network_tcp_flags_syn_count']","['network_packets_src_count', 'network_packets_dst_count', 'network_packets_all_count', 'network_header_length_max', 'network_header_length_avg']",Attention,CIC_IIoT_2025,10,200,NIST SP 800-94,LSTM,200,limited,"{'SHAP': 200, 'LIME': 200, 'IntegratedGradients': 500, 'Attention': 1000}"
0.2337,0.1337,0.25,11.8,19.2,69.0,"['network_ports_all_count', 'network_ports_src_count', 'network_ports_dst_count', 'network_tcp_flags_psh_count', 'network_tcp_flags_syn_count']","['network_packets_dst_count', 'network_header_length_avg', 'network_header_length_min', 'network_packets_all_count', 'network_header_length_max']",IntegratedGradients,CIC_IIoT_2025,10,200,NIST SP 800-94,LSTM,200,limited,"{'SHAP': 200, 'LIME': 200, 'IntegratedGradients': 500, 'Attention': 1000}"
0.3604,0.065,0.34,10.3,42.9,46.8,"['network_fragmented_packets', 'network_ports_all_count', 'network_tcp_flags_fin_count', 'network_ports_src_count', 'network_ports_dst_count']","['network_fragmentation_score', 'network_header_length_min', 'network_header_length_avg', 'log_messages_count', 'network_header_length_max']",LIME,CIC_IIoT_2025,10,200,NIST SP 800-94,LSTM,200,limited,"{'SHAP': 200, 'LIME': 200, 'IntegratedGradients': 500, 'Attention': 1000}"
0.2101,0.0885,0.22,8.9,20.1,71.0,"['network_ports_all_count', 'network_ports_dst_count', 'network_tcp_flags_syn_count', 'network_ports_src_count', 'network_tcp_flags_psh_count']","['network_packets_dst_count', 'network_packets_all_count', 'network_packets_src_count', 'log_data_types_count', 'log_messages_count']",SHAP,CIC_IIoT_2025,10,200,NIST SP 800-94,LSTM,200,limited,"{'SHAP': 200, 'LIME': 200, 'IntegratedGradients': 500, 'Attention': 1000}"
0.1259,0.0835,0.12,3.6,14.9,81.5,"['network_ports_all_count', 'network_ports_src_count', 'network_tcp_flags_psh_count', 'network_tcp_flags_syn_count', 'network_ports_dst_count']","['network_packets_all_count', 'network_packets_dst_count', 'network_packets_src_count', 'log_data_ranges_avg', 'log_data_ranges_max']",Anchors,CIC_IIoT_2025,10,200,NIST SP 800-94,RF,200,limited,"{'SHAP': 1000, 'LIME': 1000, 'Anchors': 200}"
0.1927,0.0833,0.18,3.9,25.7,70.5,"['network_ports_all_count', 'network_ports_src_count', 'network_tcp_flags_syn_count', 'network_tcp_flags_rst_count', 'network_ports_dst_count']","['network_packets_dst_count', 'network_packets_all_count', 'network_header_length_min', 'network_header_length_max', 'network_header_length_avg']",LIME,CIC_IIoT_2025,10,200,NIST SP 800-94,RF,200,limited,"{'SHAP': 1000, 'LIME': 1000, 'Anchors': 200}"
0.2283,0.0714,0.22,11.1,19.6,69.3,"['network_ports_src_count', 'network_ports_all_count', 'network_ports_dst_count', 'network_tcp_flags_syn_count', 'network_tcp_flags_rst_count']","['network_packets_dst_count', 'network_packets_all_count', 'network_packets_src_count', 'log_data_types_count', 'log_messages_count']",SHAP,CIC_IIoT_2025,10,200,NIST SP 800-94,RF,200,limited,"{'SHAP': 1000, 'LIME': 1000, 'Anchors': 200}"
0.254,0.0743,0.22,13.4,20.0,66.6,"['network_tcp_flags_psh_count', 'network_ports_all_count', 'network_fragmented_packets', 'network_ports_src_count', 'network_tcp_flags_syn_count']","['network_packets_dst_count', 'network_packets_all_count', 'log_messages_count', 'log_data_types_count', 'network_header_length_max']",Attention,CIC_IIoT_2025,10,200,NIST SP 800-94,Transformer,200,limited,"{'IntegratedGradients': 1000, 'SHAP': 200, 'LIME': 200, 'Attention': 1000}"
0.2846,0.0991,0.28,14.8,22.9,62.4,"['network_ports_all_count', 'network_ports_src_count', 'network_ports_dst_count', 'network_tcp_flags_ack_count', 'network_tcp_flags_rst_count']","['network_packets_all_count', 'network_packets_dst_count', 'network_packets_src_count', 'network_header_length_min', 'network_header_length_max']",IntegratedGradients,CIC_IIoT_2025,10,200,NIST SP 800-94,Transformer,200,limited,"{'IntegratedGradients': 1000, 'SHAP': 200, 'LIME': 200, 'Attention': 1000}"
0.2692,0.0827,0.28,7.3,32.7,60.0,"['network_tcp_flags_ack_count', 'network_tcp_flags_rst_count', 'network_ports_dst_count', 'network_tcp_flags_syn_count', 'network_ports_src_count']","['network_header_length_min', 'network_fragmentation_score', 'network_packets_all_count', 'network_header_length_max', 'network_header_length_avg']",LIME,CIC_IIoT_2025,10,200,NIST SP 800-94,Transformer,200,limited,"{'IntegratedGradients': 1000, 'SHAP': 200, 'LIME': 200, 'Attention': 1000}"
0.2568,0.0899,0.22,12.8,21.6,65.7,"['network_ports_dst_count', 'network_tcp_flags_ack_count', 'network_ports_all_count', 'network_tcp_flags_rst_count', 'network_tcp_flags_syn_count']","['network_packets_dst_count', 'network_packets_all_count', 'network_packets_src_count', 'log_data_ranges_avg', 'log_messages_count']",SHAP,CIC_IIoT_2025,10,200,NIST SP 800-94,Transformer,200,limited,"{'IntegratedGradients': 1000, 'SHAP': 200, 'LIME': 200, 'Attention': 1000}"
0.0987,0.0915,0.08,4.7,8.7,86.7,"['network_ports_all_count', 'network_ports_src_count', 'network_tcp_flags_fin_count', 'network_fragmented_packets', 'network_ports_dst_count']","['network_packets_all_count', 'log_data_ranges_avg', 'log_data_ranges_max', 'log_data_ranges_min', 'log_data_ranges_std_deviation']",Anchors,CIC_IIoT_2025,10,30,NIST SP 800-94,XGB,30,minimal,"{'SHAP': 1000, 'Anchors': 30, 'LIME': 1000}"
0.2973,0.0665,0.3,6.3,39.0,54.7,"['network_tcp_flags_syn_count', 'network_tcp_flags_ack_count', 'network_tcp_flags_rst_count', 'network_tcp_flags_fin_count', 'network_ports_all_count']","['network_header_length_avg', 'log_data_types_count', 'network_header_length_min', 'log_interval_messages', 'network_packets_dst_count']",LIME,CIC_IIoT_2025,10,30,NIST SP 800-94,XGB,30,minimal,"{'SHAP': 1000, 'Anchors': 30, 'LIME': 1000}"
0.2087,0.0632,0.18,12.7,13.7,73.7,"['network_ports_dst_count', 'network_ports_all_count', 'network_tcp_flags_ack_count', 'network_ports_src_count', 'network_tcp_flags_fin_count']","['network_packets_dst_count', 'network_packets_src_count', 'network_packets_all_count', 'log_messages_count', 'log_data_ranges_min']",SHAP,CIC_IIoT_2025,10,30,NIST SP 800-94,XGB,30,minimal,"{'SHAP': 1000, 'Anchors': 30, 'LIME': 1000}"
0.1453,0.0582,0.16,11.3,5.3,83.3,"['psh_flag_count', 'destination_port', 'protocol', 'ack_flag_count', 'source_port']","['bwd_packet_length_min', 'min_packet_length', 'total_fwd_packets', 'total_length_of_fwd_packets', 'bwd_iat_std']",Anchors,IDS2025_Balanced,10,30,NIST SP 800-94,DT,30,minimal,"{'SHAP': 1000, 'LIME': 1000, 'Anchors': 30}"
0.5933,0.0736,0.6,32.3,45.0,22.7,"['psh_flag_count', 'destination_port', 'source_port', 'fin_flag_count', 'urg_flag_count']","['average_packet_size', 'packet_length_mean', 'bwd_iat_min', 'bwd_packet_length_std', 'fwd_iat_min']",LIME,IDS2025_Balanced,10,30,NIST SP 800-94,DT,30,minimal,"{'SHAP': 1000, 'LIME': 1000, 'Anchors': 30}"
0.4953,0.0617,0.5,24.3,42.0,33.7,"['destination_port', 'psh_flag_count', 'source_port', 'urg_flag_count', 'fin_flag_count']","['average_packet_size', 'bwd_packet_length_std', 'bwd_iat_min', 'fwd_iat_min', 'fwd_header_length']",SHAP,IDS2025_Balanced,10,30,NIST SP 800-94,DT,30,minimal,"{'SHAP': 1000, 'LIME': 1000, 'Anchors': 30}"
0.6354,0.0508,0.64,40.5,38.4,21.1,"['urg_flag_count', 'psh_flag_count', 'source_port', 'ack_flag_count', 'protocol']","['packet_length_mean', 'total_length_of_fwd_packets', 'bwd_packet_length_mean', 'avg_bwd_segment_size', 'average_packet_size']",LIME,IDS2025_Balanced,10,200,NIST SP 800-94,LR,200,limited,"{'SHAP': 200, 'LIME': 200}"
0.4143,0.0244,0.42,0.0,69.0,30.9,"['destination_port', 'source_port', 'protocol', 'psh_flag_count', 'ack_flag_count']","['bwd_iat_total', 'fwd_iat_total', 'fwd_iat_max', 'fwd_iat_std', 'bwd_iat_max']",SHAP,IDS2025_Balanced,10,200,NIST SP 800-94,LR,200,limited,"{'SHAP': 200, 'LIME': 200}"
0.4408,0.2218,0.51,20.2,39.8,40.0,"['destination_port', 'source_port', 'protocol', 'fwd_psh_flags', 'urg_flag_count']","['total_fwd_packets', 'total_backward_packets', 'bwd_header_length', 'avg_bwd_segment_size', 'total_length_of_fwd_packets']",Attention,IDS2025_Balanced,10,50,NIST SP 800-94,LSTM,50,minimal,"{'LIME': 50, 'Attention': 1000, 'SHAP': 50, 'IntegratedGradients': 500}"
0.58,0.0742,0.6,21.4,61.0,17.6,"['protocol', 'ack_flag_count', 'source_port', 'destination_port', 'psh_flag_count']","['total_fwd_packets', 'down_up_ratio', 'packet_length_mean', 'average_packet_size', 'min_packet_length']",IntegratedGradients,IDS2025_Balanced,10,50,NIST SP 800-94,LSTM,50,minimal,"{'LIME': 50, 'Attention': 1000, 'SHAP': 50, 'IntegratedGradients': 500}"
0.6028,0.0762,0.6,35.8,40.8,23.4,"['protocol', 'destination_port', 'fwd_psh_flags', 'syn_flag_count', 'urg_flag_count']","['total_backward_packets', 'total_fwd_packets', 'down_up_ratio', 'min_packet_length', 'total_length_of_fwd_packets']",LIME,IDS2025_Balanced,10,50,NIST SP 800-94,LSTM,50,minimal,"{'LIME': 50, 'Attention': 1000, 'SHAP': 50, 'IntegratedGradients': 500}"
0.5592,0.0547,0.56,25.8,50.2,24.0,"['protocol', 'psh_flag_count', 'destination_port', 'ack_flag_count', 'urg_flag_count']","['bwd_packet_length_min', 'down_up_ratio', 'packet_length_mean', 'packet_length_std', 'min_packet_length']",SHAP,IDS2025_Balanced,10,50,NIST SP 800-94,LSTM,50,minimal,"{'LIME': 50, 'Attention': 1000, 'SHAP': 50, 'IntegratedGradients': 500}"
0.6482,0.0634,0.66,30.3,57.5,12.2,"['destination_port', 'psh_flag_count', 'source_port', 'protocol', 'fwd_psh_flags']","['bwd_packet_length_std', 'bwd_packet_length_min', 'fwd_header_length', 'bwd_packet_length_mean', 'min_packet_length']",LIME,IDS2025_Balanced,10,1000,NIST SP 800-94,RF,1000,full,"{'SHAP': 1000, 'LIME': 1000}"
0.5812,0.0642,0.58,19.3,64.7,16.0,"['destination_port', 'psh_flag_count', 'source_port', 'protocol', 'ack_flag_count']","['packet_length_mean', 'average_packet_size', 'avg_bwd_segment_size', 'packet_length_std', 'fwd_packet_length_mean']",SHAP,IDS2025_Balanced,10,1000,NIST SP 800-94,RF,1000,full,"{'SHAP': 1000, 'LIME': 1000}"
0.548,0.0847,0.56,20.0,58.0,22.0,"['source_port', 'urg_flag_count', 'protocol', 'fwd_psh_flags', 'ack_flag_count']","['fwd_packet_length_min', 'bwd_packet_length_std', 'avg_bwd_segment_size', 'bwd_iat_total', 'fwd_iat_mean']",Attention,IDS2025_Balanced,10,50,NIST SP 800-94,Transformer,50,minimal,"{'LIME': 50, 'SHAP': 50, 'IntegratedGradients': 500, 'Attention': 1000}"
0.5452,0.0758,0.56,21.4,55.2,23.4,"['source_port', 'protocol', 'ack_flag_count', 'psh_flag_count', 'destination_port']","['average_packet_size', 'down_up_ratio', 'bwd_packet_length_min', 'avg_bwd_segment_size', 'min_packet_length']",IntegratedGradients,IDS2025_Balanced,10,50,NIST SP 800-94,Transformer,50,minimal,"{'LIME': 50, 'SHAP': 50, 'IntegratedGradients': 500, 'Attention': 1000}"
0.6084,0.0604,0.62,47.4,22.4,30.2,"['protocol', 'fin_flag_count', 'urg_flag_count', 'destination_port', 'ack_flag_count']","['bwd_packet_length_min', 'min_packet_length', 'bwd_header_length', 'total_fwd_packets', 'fwd_packet_length_mean']",LIME,IDS2025_Balanced,10,50,NIST SP 800-94,Transformer,50,minimal,"{'LIME': 50, 'SHAP': 50, 'IntegratedGradients': 500, 'Attention': 1000}"
0.5584,0.1017,0.58,28.0,46.4,25.6,"['protocol', 'source_port', 'destination_port', 'psh_flag_count', 'ack_flag_count']","['bwd_packet_length_min', 'min_packet_length', 'down_up_ratio', 'bwd_packet_length_max', 'avg_bwd_segment_size']",SHAP,IDS2025_Balanced,10,50,NIST SP 800-94,Transformer,50,minimal,"{'LIME': 50, 'SHAP': 50, 'IntegratedGradients': 500, 'Attention': 1000}"
0.1253,0.0524,0.11,7.3,8.7,84.0,"['destination_port', 'protocol', 'source_port', 'fwd_psh_flags', 'fin_flag_count']","['bwd_packet_length_min', 'fwd_header_length', 'min_packet_length', 'bwd_iat_min', 'fwd_packet_length_min']",Anchors,IDS2025_Balanced,10,30,NIST SP 800-94,XGB,30,minimal,"{'Anchors': 30, 'SHAP': 1000, 'LIME': 1000}"
0.5487,0.0538,0.58,34.7,33.7,31.7,"['psh_flag_count', 'destination_port', 'fin_flag_count', 'source_port', 'fwd_psh_flags']","['bwd_packet_length_min', 'min_packet_length', 'total_fwd_packets', 'total_backward_packets', 'total_length_of_fwd_packets']",LIME,IDS2025_Balanced,10,30,NIST SP 800-94,XGB,30,minimal,"{'Anchors': 30, 'SHAP': 1000, 'LIME': 1000}"
0.5207,0.0738,0.52,16.7,59.0,24.3,"['source_port', 'destination_port', 'urg_flag_count', 'fin_flag_count', 'ack_flag_count']","['min_packet_length', 'bwd_packet_length_min', 'fwd_iat_min', 'fwd_packet_length_max', 'fwd_packet_length_mean']",SHAP,IDS2025_Balanced,10,30,NIST SP 800-94,XGB,30,minimal,"{'Anchors': 30, 'SHAP': 1000, 'LIME': 1000}"
